<?xml version="1.0" encoding="UTF-8"?>
<!DOCTYPE suite SYSTEM "https://testng.org/testng-1.0.dtd">
<suite name="Suite">
<listeners>
<listener class-name="com.luminor.listeners.Listeners"/>
<listener class-name="com.luminor.listeners.AnnotationTransformer" />
</listeners>
  <test thread-count="1" name="Test" parallel="methods">
    <classes>
      <class name="com.luminor.scenarios.DevPortal_Scenarios"/>
      <class name="com.luminor.scenarios.DevPortal_NoLoginScenarios"/>
      <class name="com.luminor.scenarios.DevPortal_NegativeScenarios"/>
      <class name="com.luminor.scenarios.DevPortal_FallBackExplorerScenarios"/>
       <!-- <methods>
       <include name="DP_10_createConsentandAuthorizeandGetAccountInformation_Funationality"/>
       
    <include name="DP_01_Login_Funationality"/>
      <include name="DP_02_Welcome_Funationality"/>
       <include name="DP_03_News_Funationality"/>
         <include name="DP_04_HowToFallBack_Funationality"/>
        <include name= "DP_05_newTPPRegistation_Funationality"/>
        <include name="DP_06_getTPPApplicationStatus_Funationality"/>
        <include name="DP_07_updateTppApplication_Funationality"/>
        <include name="DP_08_userLoginPage_Funationality"/>
       <include name="DP_09_getListOfAvailableAccounts_Funationality"/>
       <include name="DP_10_createConsentandAuthorizeandGetAccountInformation_Funationality"/>
       <include name="DP_11_fundsAvailableOnAccountConfirmation_Funationality"/>
       <include name="DP_12_PaymmentIntiationAndAuthorization_Funationality"/>
       
     
      </methods>  -->
     
    </classes>
  </test> <!-- Test -->
</suite> <!-- Suite -->
